test_id;type;backend;model;run;answer;ttft_s;latency_s;input_tokens;output_tokens;tokens_per_s;score;error;attempts;cpu_percent;ram_used_gb;vram_mib;gpu_percent
1;классификация;local;qwen;main;"{""label"": ""normal""}";5.620096400030889;15.700843000027817;114;416;41.266784743912396;2;;1;34.3;14.33;6874.0;97.0
2;классификация;local;qwen;main;"{""label"": ""suspicious""}";2.258287000004202;13.425926199997775;108;448;40.11590918877983;2;;1;31.0;14.5;6864.0;97.0
3;классификация;local;qwen;main;"{""label"": ""suspicious""}";2.2822442000033334;10.85640859999694;127;347;40.47041598598911;2;;1;24.0;14.61;6866.0;97.0
4;классификация;local;qwen;main;"{""label"": ""normal""}";2.2563249999657273;8.306504499982111;110;242;39.998813258242116;2;;1;24.7;14.79;6866.0;97.0
5;классификация;local;qwen;main;"{""label"": ""suspicious""}";2.240357499977108;6.4748523000162095;109;165;38.965687240536084;2;;1;38.0;15.13;7060.0;96.0
6;извлечение данных;local;qwen;main;"{
  ""user"": ""Петрова А.С."",
  ""department"": ""бухгалтерия"",
  ""date"": ""12.03.2026"",
  ""sender"": ""sender@fake-bank.example"",
  ""url"": ""http://fake-bank.example/login""
}";2.267654599971138;27.615486399969086;127;1077;42.48884119548589;2;;1;22.0;15.26;6940.0;97.0
7;извлечение данных;local;qwen;main;"{
  ""ticket_id"": ""4821"",
  ""host"": ""srv-db02"",
  ""since"": ""09:15"",
  ""priority"": ""высокий"",
  ""owner"": ""Смирнов И.П.""
}";2.2810721000423655;51.99643600004492;118;2017;40.57095919195105;2;;1;27.6;15.44;6918.0;98.0
8;извлечение данных;local;qwen;main;"{
  ""host"": ""WS-114"",
  ""file"": ""invoice.exe"",
  ""threat"": ""Trojan.Generic"",
  ""action"": ""quarantined"",
  ""time"": ""11:42""
}";2.288298900006339;76.07412610005122;119;3038;41.173218696369815;1;;1;38.5;15.74;7011.0;97.0
9;извлечение данных;local;qwen;main;"{""src_ip"": ""203.0.113.45"", ""port"": 22, ""time"": ""03:12"", ""protocol"": ""TCP"", ""packets"": 5400}";2.3149633000139147;48.49609420000343;130;1907;41.293921626341834;2;;1;42.6;15.98;7005.0;97.0
10;извлечение данных;local;qwen;main;"{""user"": ""Иванов Д.К."", ""department"": ""отдел эксплуатации"", ""folder"": ""finance"", ""server"": ""fs01"", ""until"": ""30.06.2026"", ""approver"": ""Орлова Е.В.""}";2.304514100018423;28.543191300006583;134;1064;40.550824719185165;2;;1;25.9;16.21;6966.0;97.0
11;краткий анализ;local;qwen;main;"{""risk_level"": ""high"", ""recommended_action"": ""Немедленно заблокировать учетную запись пользователя, изолировать файловый сервер и провести расследование: проверить содержимое переданного объема данных, подтвердить легитимность операции и оценить потенциальный ущерб.""}";2.2918244000175036;10.948958099994343;139;337;38.927433915096124;2;;1;30.8;16.4;6941.0;96.0
12;краткий анализ;local;qwen;main;"{""risk_level"": ""low"", ""recommended_action"": ""Убедитесь, что обновление выполнено по заявке и соответствует утвержденному плану.""}";2.273432900023181;38.060705000010785;121;1500;41.914343060546365;2;;1;22.4;16.59;6938.0;98.0
13;краткий анализ;local;qwen;main;"{""risk_level"": ""high"", ""recommended_action"": ""Немедленно заблокируйте учётную запись и инициируйте расследование. Сбросите пароли, проверьте сессии и уведомите пользователя о возможном компрометировании.""}";2.270933600026183;7.992400599992834;117;244;42.64640519667809;2;;1;20.7;16.67;6898.0;97.0
14;краткий анализ;local;qwen;main;"{""risk_level"": ""low"", ""recommended_action"": ""Проверьте систему на наличие других следов заражения и убедитесь, что антивирусная база обновлена. Рекомендуется провести полное сканирование системы для исключения скрытых угроз.""}";2.2575892000459135;27.055489099991973;114;1046;42.180991302504424;2;;1;25.9;16.83;6909.0;98.0
15;краткий анализ;local;qwen;main;"{""risk_level"": ""high"", ""recommended_action"": ""Немедленно заблокируйте учётную запись, проведите расследование создания, и введите в действие усиленный мониторинг. Запустите аудит всех изменений в Active Directory и проверьте логи аутентификации.""}";2.27307940000901;7.568428100028541;123;227;42.86780963058443;2;;1;20.2;17.01;6890.0;97.0
16;код и логика;local;qwen;main;;2.29298359999666;99.91280180000467;131;4000;40.97528630717806;0;;1;35.8;17.24;6926.0;97.0
17;код и логика;local;qwen;main;"{""line"": 3, ""problem"": ""Неверная логика: возвращает True при несовпадении токенов""}";2.3175685000023805;35.58548529999098;115;1337;40.18887049760983;2;;1;29.2;17.14;6892.0;97.0
18;код и логика;local;qwen;main;;2.286028400005307;101.0773721000296;127;4000;40.48937741089775;0;;1;31.1;17.34;6908.0;97.0
19;код и логика;local;qwen;main;"{""line"": 2, ""problem"": ""деление на ноль при пустом списке""}";2.281281399948057;37.384518799954094;110;1455;41.44916844620575;2;;1;22.6;17.76;6884.0;97.0
20;код и логика;local;qwen;main;"{""line"": 2, ""problem"": ""Условие n % 2 == 1 проверяет нечетность, а не четность""}";2.255379499983974;39.650864899973385;104;1485;39.710675877479595;2;;1;37.0;17.87;6888.0;97.0
2;классификация;local;qwen;repeat1;"{""label"": ""suspicious""}";2.2684138000477105;12.510189699998591;108;425;41.496709569874334;2;;1;26.4;18.06;6883.0;97.0
2;классификация;local;qwen;repeat2;"{""label"": ""suspicious""}";2.1328729999950156;8.938494900008664;108;279;40.99551871952224;2;;1;25.9;18.13;6873.0;97.0
2;классификация;local;qwen;repeat3;"{""label"": ""suspicious""}";2.1435198999824934;11.835827899980359;108;404;41.68253835929367;2;;1;21.4;18.35;6876.0;97.0
8;извлечение данных;local;qwen;repeat1;"{
  ""host"": ""WS-114"",
  ""file"": ""invoice.exe"",
  ""threat"": ""Trojan.Generic"",
  ""action"": ""quarantined"",
  ""time"": ""11:42""
}";2.3036522999755107;65.15168499998981;119;2581;41.06731569975479;1;;1;32.1;18.51;6894.0;97.0
8;извлечение данных;local;qwen;repeat2;;2.1521320999599993;99.84215439995751;119;4000;40.94583976771292;0;;1;37.3;18.81;6911.0;97.0
8;извлечение данных;local;qwen;repeat3;"{""host"": ""WS-114"", ""file"": ""invoice.exe"", ""threat"": ""Trojan.Generic"", ""action"": ""quarantined"", ""time"": ""11:42""}";2.1666403000126593;33.265042199986055;119;1300;41.80279115889592;1;;1;24.9;19.02;6898.0;98.0
13;краткий анализ;local;qwen;repeat1;"{""risk_level"": ""high"", ""recommended_action"": ""Немедленно заблокируйте учётную запись, запросите сброс пароля и проанализируйте логи входа для выявления несанкционированного доступа.""}";2.1752194999717176;20.178578399994876;117;747;41.492257314219245;2;;1;25.8;19.04;6868.0;97.0
13;краткий анализ;local;qwen;repeat2;"{""risk_level"": ""high"", ""recommended_action"": ""Немедленно сбросить пароль и включить двухфакторную аутентификацию. Проверить логи на наличие подозрительной активности.""}";2.161785800009966;22.67453740001656;117;846;41.242638554630965;2;;1;33.5;19.22;6879.0;97.0
13;краткий анализ;local;qwen;repeat3;"{""risk_level"": ""high"", ""recommended_action"": ""Немедленно заблокируйте учётную запись, запросите подтверждение от владельца и проведите расследование активности. Уведомите пользователя о возможном компрометировании и предложите смену пароля.""}";2.1621897000004537;6.815989100025035;117;198;42.54588197311516;2;;1;18.7;19.37;6870.0;97.0
17;код и логика;local;qwen;repeat1;"{""line"": 3, ""problem"": ""Логика инвертирована: возвращает True при несовпадении токенов""}";2.2971120000001974;39.18552419997286;115;1479;40.09389159886627;2;;1;30.4;19.56;6888.0;97.0
17;код и логика;local;qwen;repeat2;"{""line"": 3, ""problem"": ""Инвертированная логика: возвращает True при несовпадении токенов""}";2.157602899998892;59.36018439999316;115;2345;40.99465336193324;2;;1;42.5;19.84;6994.0;97.0
17;код и логика;local;qwen;repeat3;;2.207324000017252;99.3282942000078;115;4000;41.18575001632746;0;;1;30.8;20.02;6749.0;97.0
19;код и логика;local;qwen;repeat1;"{""line"": 2, ""problem"": ""ZeroDivisionError: деление на ноль при пустом списке""}";2.2980285999947228;25.655592800001614;110;971;41.571115536084605;2;;1;24.6;20.15;6656.0;98.0
19;код и логика;local;qwen;repeat2;"{""line"": 2, ""problem"": ""ZeroDivisionError: деление на ноль при пустом списке""}";2.17905299999984;28.51658039999893;110;1104;41.917374521650736;2;;1;28.3;20.38;6654.0;98.0
19;код и логика;local;qwen;repeat3;"{""line"": 2, ""problem"": ""деление на ноль при пустом списке""}";2.1884867000044324;22.26737250003498;110;813;40.490294536102354;2;;1;28.1;20.7;6661.0;97.0
1;классификация;cloud;nvidia/nemotron-3-super-120b-a12b:free;main;"{""label"":""normal""}";0.9540320000378415;1.2575051000458188;123;58;191.1207286526396;2;;1;;;;
2;классификация;cloud;nvidia/nemotron-3-super-120b-a12b:free;main;"{""label"":""suspicious""}";0.7367283999919891;1.0092627999838442;110;57;209.14790940777937;2;;1;;;;
3;классификация;cloud;nvidia/nemotron-3-super-120b-a12b:free;main;"{""label"":""suspicious""}";0.7749004000215791;1.100825600035023;130;62;190.22769640838638;2;;1;;;;
4;классификация;cloud;nvidia/nemotron-3-super-120b-a12b:free;main;"{""label"":""normal""}";0.7745852999505587;1.069409599993378;117;49;166.20068289107584;2;;1;;;;
5;классификация;cloud;nvidia/nemotron-3-super-120b-a12b:free;main;"{""label"":""suspicious""}";0.7093958000186831;1.0369410999701358;118;57;174.0217307604422;2;;1;;;;
6;извлечение данных;cloud;nvidia/nemotron-3-super-120b-a12b:free;main;"{
  ""user"": ""Петрова А.С."",
  ""department"": ""бухгалтерии"",
  ""date"": ""12.03.2026"",
  ""sender"": ""sender@fake-bank.example"",
  ""url"": ""http://fake-bank.example/login""
}";0.7585242999484763;2.372970299969893;137;204;126.3591349585516;2;;1;;;;
7;извлечение данных;cloud;nvidia/nemotron-3-super-120b-a12b:free;main;"{""ticket_id"":""4821"",""host"":""srv-db02"",""since"":""09:15"",""priority"":""высокий"",""owner"":""Смирнов И.П.""}";0.798376900027506;4.094147800002247;125;216;65.53853606804266;2;;1;;;;
8;извлечение данных;cloud;nvidia/nemotron-3-super-120b-a12b:free;main;"{
  ""host"": ""WS-114"",
  ""file"": ""invoice.exe"",
  ""threat"": ""Trojan.Generic"",
  ""action"": ""помещён в карантин"",
  ""time"": ""11:42""
}";1.1012872999999672;6.477254799974617;125;244;45.387179145177235;2;;1;;;;
9;извлечение данных;cloud;nvidia/nemotron-3-super-120b-a12b:free;main;"{""src_ip"":""203.0.113.45"",""port"":22,""time"":""03:12"",""protocol"":""TCP"",""packets"":5400}";1.06501359998947;2.6385649999720044;132;225;142.98865610776832;2;;1;;;;
10;извлечение данных;cloud;nvidia/nemotron-3-super-120b-a12b:free;main;"{""user"":""Иванов Д.К."",""department"":""отдел эксплуатации"",""folder"":""finance"",""server"":""fs01"",""until"":""30.06.2026"",""approver"":""Орлова Е.В.""}";0.7270537000149488;2.442097300023306;140;253;147.51811557371903;2;;1;;;;
11;краткий анализ;cloud;nvidia/nemotron-3-super-120b-a12b:free;main;"{""risk_level"":""high"",""recommended_action"":""Немедленно изолировать устройство пользователя, проверить содержимое скопированных данных и уведомить службу безопасности для расследования возможного утечки информации.""}";0.7510502000222914;1.704899700009264;150;138;144.676911820874;2;;1;;;;
12;краткий анализ;cloud;nvidia/nemotron-3-super-120b-a12b:free;main;"{""risk_level"": ""low"", ""recommended_action"": ""Продолжить обычный мониторинг журналов доступа и изменений. Убедиться, что обновление документировано в системе управления изменениями.""}";0.7786481000366621;1.9323617999907583;129;144;124.81432785770807;2;;1;;;;
13;краткий анализ;cloud;nvidia/nemotron-3-super-120b-a12b:free;main;"{""risk_level"": ""high"", ""recommended_action"": ""Немедленно заблокировать учётную запись и потребовать многофакторную аутентификацию для её восстановления.""}";0.7727711999905296;1.9861350000137463;124;121;99.72277069555294;2;;1;;;;
14;краткий анализ;cloud;nvidia/nemotron-3-super-120b-a12b:free;main;"{""risk_level"": ""low"", ""recommended_action"": ""Проверьте журнал антивируса на наличие остаточных следов и выполните полное сканирование системы. Обновите сигнатуры антивируса и проведите краткий инструктаж пользователя по безопасному скачиванию файлов.""}";0.7142758999834768;2.321048699959647;126;137;85.26407716264045;2;;1;;;;
15;краткий анализ;cloud;nvidia/nemotron-3-super-120b-a12b:free;main;"{
  ""risk_level"": ""high"",
  ""recommended_action"": ""Немедленно заблокировать учётную запись и проверить её действия в журналах аутентификации и изменений. Инициировать расследование инцидента, проверить наличие других подозрительных изменений и усилить контроль над созданием привилегированных учётных записей (например, требовать одобрения и MFA).""
}";0.7164324000477791;1.635097799997311;131;168;182.87398220203926;2;;1;;;;
16;код и логика;cloud;nvidia/nemotron-3-super-120b-a12b:free;main;"{""line"": 3, ""problem"": ""range(len(values)+1) выходит за пределы списка, вызывая IndexError""}";0.9098888000007719;4.719013800029643;133;146;38.329012568212754;2;;1;;;;
17;код и логика;cloud;nvidia/nemotron-3-super-120b-a12b:free;main;"{""line"": 2, ""problem"": ""условие инвертировано: следует возвращать True при совпадении токенов""}";0.7183211999945343;2.2478212999994867;118;191;124.87740275360659;2;;1;;;;
18;код и логика;cloud;nvidia/nemotron-3-super-120b-a12b:free;main;"{""line"":2,""problem"":""SQL injection vulnerability due to string concatenation""}";0.7472152999835089;1.2213485999964178;131;80;168.7289207440648;2;;1;;;;
19;код и логика;cloud;nvidia/nemotron-3-super-120b-a12b:free;main;"{""line"": 2, ""problem"": ""деление на ноль при пустом списке""}";0.7431183999869972;1.6028384999954142;113;135;157.0278512723831;2;;1;;;;
20;код и логика;cloud;nvidia/nemotron-3-super-120b-a12b:free;main;"{""line"":2,""problem"":""проверка на чётность должна быть n % 2 == 0, а не == 1""}";0.7112400999758393;1.6003865000093356;109;152;170.9504756407649;2;;1;;;;
2;классификация;cloud;nvidia/nemotron-3-super-120b-a12b:free;repeat1;"{""label"":""suspicious""}";1.0265789999975823;1.1652996999910101;110;51;367.6452036532127;2;;1;;;;
2;классификация;cloud;nvidia/nemotron-3-super-120b-a12b:free;repeat2;"{""label"":""suspicious""}";1.980740200029686;2.68618299998343;110;50;70.8774687377609;2;;1;;;;
2;классификация;cloud;nvidia/nemotron-3-super-120b-a12b:free;repeat3;"{""label"":""suspicious""}";0.7480722999898717;1.3443278999766335;110;65;109.0136511949626;2;;1;;;;
8;извлечение данных;cloud;nvidia/nemotron-3-super-120b-a12b:free;repeat1;"{
  ""host"": ""WS-114"",
  ""file"": ""invoice.exe"",
  ""threat"": ""Trojan.Generic"",
  ""action"": ""помещён в карантин"",
  ""time"": ""11:42""
}";0.7390751999919303;2.432807600009255;125;267;157.64001444222765;2;;1;;;;
8;извлечение данных;cloud;nvidia/nemotron-3-super-120b-a12b:free;repeat2;"{""host"":""WS-114"",""file"":""invoice.exe"",""threat"":""Trojan.Generic"",""action"":""помещён в карантин"",""time"":""11:42""}";0.7366528999991715;2.6139338999637403;125;211;112.39659912606709;2;;1;;;;
8;извлечение данных;cloud;nvidia/nemotron-3-super-120b-a12b:free;repeat3;"{""host"":""WS-114"",""file"":""invoice.exe"",""threat"":""Trojan.Generic"",""action"":""помещён в карантин"",""time"":""11:42""}";0.7574470000108704;2.387681199994404;125;230;141.08402338898495;2;;1;;;;
13;краткий анализ;cloud;nvidia/nemotron-3-super-120b-a12b:free;repeat1;"{""risk_level"":""high"",""recommended_action"":""Требуется немедленно запросить дополнительную аутентификацию (MFA) и временно заблокировать учётную запись до завершения расследования подозрительной активности.""}";0.7004699999815784;1.4679888000246137;124;137;178.49725634384242;2;;1;;;;
13;краткий анализ;cloud;nvidia/nemotron-3-super-120b-a12b:free;repeat2;"{""risk_level"":""high"",""recommended_action"":""Немедленно заблокировать учётную запись и потребовать повторную аутентификацию с MFA. Проверить журналы на наличие других подозрительных действий и уведомить службу безопасности.""}";0.7517374000162818;1.5988937999936752;124;135;159.35664300429355;2;;1;;;;
13;краткий анализ;cloud;nvidia/nemotron-3-super-120b-a12b:free;repeat3;"{""risk_level"": ""high"", ""recommended_action"": ""Сбросить пароль учётной записи и включить многофакторную аутентификацию, затем проверить журналы входа и при необходимости заблокировать учётную запись для дальнейшего расследования.""}";1.7191067000385374;6.832650700001977;124;160;31.289454046184787;2;;1;;;;
17;код и логика;cloud;nvidia/nemotron-3-super-120b-a12b:free;repeat1;"{""line"":3,""problem"":""should return False when token does not match valid_token""}";0.8615224999957718;5.830031000019517;118;126;25.35972314415842;1;;1;;;;
17;код и логика;cloud;nvidia/nemotron-3-super-120b-a12b:free;repeat2;"{""line"": 3, ""problem"": ""возвращает True при неверном токене, должно быть False""}";0.7479317000252195;4.779365400027018;118;480;119.06434179973886;2;;1;;;;
17;код и логика;cloud;nvidia/nemotron-3-super-120b-a12b:free;repeat3;"{""line"":3,""problem"":""возвращает True при неверном токене, должно быть наоборот""}";0.7998338000033982;2.115304999984801;118;160;121.62942069903316;2;;1;;;;
19;код и логика;cloud;nvidia/nemotron-3-super-120b-a12b:free;repeat1;"{""line"": 2, ""problem"": ""division by zero when values is empty""}";0.8285751999937929;1.5150432999944314;113;98;142.7597291118245;1;;1;;;;
19;код и логика;cloud;nvidia/nemotron-3-super-120b-a12b:free;repeat2;"{""line"": 2, ""problem"": ""division by zero when values is empty""}";0.769964900042396;1.519751600048039;113;113;150.70952845542544;1;;1;;;;
19;код и логика;cloud;nvidia/nemotron-3-super-120b-a12b:free;repeat3;"{""line"": 2, ""problem"": ""division by zero when len(values) == 0""}";0.7490795000339858;1.5087550000171177;113;109;143.48231580776303;1;;1;;;;
