backend;test_id;count;mean;std;min;max
cloud;2;4;1.5512683499837294;0.7688947538818219;1.0092627999838442;2.68618299998343
cloud;8;4;3.477919374985504;2.001945869485081;2.387681199994404;6.477254799974617
cloud;13;4;2.971417075008503;2.583539083799887;1.4679888000246137;6.832650700001977
cloud;17;4;3.7431306750077056;1.854247549737404;2.115304999984801;5.830031000019517
cloud;19;4;1.5365971000137506;0.04439009937707896;1.5087550000171177;1.6028384999954142
local;2;4;11.677609674996347;1.93886418012357;8.938494900008664;13.425926199997775
local;8;4;68.58325192499615;27.64286387470401;33.265042199986055;99.84215439995751
local;13;4;14.415376375007327;8.173810681671839;6.815989100025035;22.67453740001656
local;17;4;58.3648720249912;29.24460318060198;35.58548529999098;99.3282942000078
local;19;4;28.456016124997404;6.477229571457325;22.26737250003498;37.384518799954094
