set;method;query_no;query;top1;top3;first_relevant_rank;precision;recall;reciprocal_rank;time_ms
короткие документы;ключевой (TF-IDF);1;что делать если украли пароль;d27;d27 d06 d08;1;0.3333333333333333;0.5;1.0;0.53
короткие документы;ключевой (TF-IDF);2;как проверить, что резервные копии действительно работают;d13;d13 d11 d12;2;0.3333333333333333;1.0;0.5;0.51
короткие документы;ключевой (TF-IDF);3;как защититься от вируса-вымогателя, который шифрует файлы;d30;d30 d25 d19;28;0.0;0.0;0.03571428571428571;0.49
короткие документы;ключевой (TF-IDF);4;как быстро ставить патчи на серверы;d18;d18 d30 d11;1;0.3333333333333333;0.5;1.0;0.48
короткие документы;ключевой (TF-IDF);5;как долго хранить логи;d40;d40 d39 d38;16;0.0;0.0;0.0625;0.48
короткие документы;ключевой (TF-IDF);6;как работать с внутренними системами из дома;d31;d31 d19 d15;1;0.3333333333333333;1.0;1.0;0.63
короткие документы;ключевой (TF-IDF);7;что делать с компьютером, на котором обнаружен троян;d18;d18 d30 d11;27;0.0;0.0;0.037037037037037035;0.7
короткие документы;ключевой (TF-IDF);8;как вести себя при сомнительном письме;d01;d01 d39 d37;14;0.0;0.0;0.07142857142857142;0.49
короткие документы;ключевой (TF-IDF);9;защита от подбора пароля;d09;d09 d25 d19;1;0.3333333333333333;0.5;1.0;0.47
короткие документы;ключевой (TF-IDF);10;потеря рабочего телефона;d39;d39 d37 d40;2;0.3333333333333333;1.0;0.5;0.56
короткие документы;ключевой (TF-IDF);11;увольнение сотрудника и его доступы;d02;d02 d10 d40;1;0.3333333333333333;1.0;1.0;0.48
короткие документы;ключевой (TF-IDF);12;как утилизировать старые диски;d38;d38 d40 d39;2;0.3333333333333333;1.0;0.5;0.46
короткие документы;ключевой (TF-IDF);13;кто может заходить в серверную комнату;d40;d40 d39 d38;5;0.0;0.0;0.2;0.46
короткие документы;ключевой (TF-IDF);14;двухфакторная защита для администраторов;d03;d03 d13 d14;4;0.0;0.0;0.25;0.46
короткие документы;семантический;1;что делать если украли пароль;d27;d27 d01 d08;1;0.6666666666666666;1.0;1.0;35.27
короткие документы;семантический;2;как проверить, что резервные копии действительно работают;d11;d11 d13 d17;1;0.3333333333333333;1.0;1.0;27.34
короткие документы;семантический;3;как защититься от вируса-вымогателя, который шифрует файлы;d30;d30 d38 d15;3;0.3333333333333333;0.5;0.3333333333333333;27.29
короткие документы;семантический;4;как быстро ставить патчи на серверы;d18;d18 d16 d17;1;0.6666666666666666;1.0;1.0;25.63
короткие документы;семантический;5;как долго хранить логи;d25;d25 d04 d12;1;0.3333333333333333;1.0;1.0;30.01
короткие документы;семантический;6;как работать с внутренними системами из дома;d31;d31 d35 d36;1;0.3333333333333333;1.0;1.0;24.54
короткие документы;семантический;7;что делать с компьютером, на котором обнаружен троян;d22;d22 d27 d38;1;0.3333333333333333;1.0;1.0;24.62
короткие документы;семантический;8;как вести себя при сомнительном письме;d27;d27 d26 d21;1;0.6666666666666666;1.0;1.0;24.48
короткие документы;семантический;9;защита от подбора пароля;d09;d09 d06 d01;1;0.6666666666666666;1.0;1.0;27.25
короткие документы;семантический;10;потеря рабочего телефона;d37;d37 d21 d10;1;0.3333333333333333;1.0;1.0;20.47
короткие документы;семантический;11;увольнение сотрудника и его доступы;d02;d02 d10 d27;1;0.3333333333333333;1.0;1.0;23.91
короткие документы;семантический;12;как утилизировать старые диски;d40;d40 d38 d12;1;0.3333333333333333;1.0;1.0;24.6
короткие документы;семантический;13;кто может заходить в серверную комнату;d36;d36 d13 d31;1;0.3333333333333333;1.0;1.0;23.96
короткие документы;семантический;14;двухфакторная защита для администраторов;d07;d07 d31 d13;1;0.3333333333333333;0.5;1.0;24.38
длинные документы, схема A;семантический;1;сколько хранить акты о пересмотре прав;L1-3;L1-3 L2-3 L1-5;1;0.3333333333333333;1.0;1.0;23.68
длинные документы, схема A;семантический;2;на какой срок дают доступ подрядчикам;L1-5;L1-5 L1-2 L4-3;1;0.3333333333333333;1.0;1.0;23.2
длинные документы, схема A;семантический;3;как часто делают полную копию баз данных;L2-2;L2-2 L2-1 L2-5;1;0.3333333333333333;1.0;1.0;23.7
длинные документы, схема A;семантический;4;чем шифруют резервные копии;L2-4;L2-4 L2-3 L2-1;1;0.6666666666666666;1.0;1.0;23.51
длинные документы, схема A;семантический;5;за какое время нужно сообщить о подозрительном событии;L3-2;L3-2 L2-6 L3-3;1;0.3333333333333333;1.0;1.0;22.04
длинные документы, схема A;семантический;6;почему заражённый компьютер не выключают;L3-4;L3-4 L3-5 L2-4;1;0.3333333333333333;1.0;1.0;23.89
длинные документы, схема A;семантический;7;в какой срок ставить обновления с критической опасностью;L4-2;L4-2 L4-3 L3-3;1;0.6666666666666666;1.0;1.0;24.27
длинные документы, схема A;семантический;8;сколько времени отводится на откат неудачного обновления;L4-5;L4-5 L2-5 L4-3;1;0.3333333333333333;1.0;1.0;22.97
длинные документы, схема B;семантический;1;сколько хранить акты о пересмотре прав;L2-2;L2-2 L1-1 L1-2;2;0.6666666666666666;1.0;0.5;22.93
длинные документы, схема B;семантический;2;на какой срок дают доступ подрядчикам;L1-2;L1-2 L1-1 L4-1;1;0.3333333333333333;1.0;1.0;22.03
длинные документы, схема B;семантический;3;как часто делают полную копию баз данных;L2-1;L2-1 L2-2 L2-3;1;0.3333333333333333;1.0;1.0;22.19
длинные документы, схема B;семантический;4;чем шифруют резервные копии;L2-1;L2-1 L2-2 L1-3;1;0.6666666666666666;1.0;1.0;22.4
длинные документы, схема B;семантический;5;за какое время нужно сообщить о подозрительном событии;L3-1;L3-1 L2-3 L3-3;1;0.3333333333333333;1.0;1.0;22.07
длинные документы, схема B;семантический;6;почему заражённый компьютер не выключают;L3-2;L3-2 L1-3 L4-3;1;0.3333333333333333;1.0;1.0;23.1
длинные документы, схема B;семантический;7;в какой срок ставить обновления с критической опасностью;L4-1;L4-1 L4-2 L3-2;1;0.3333333333333333;1.0;1.0;22.83
длинные документы, схема B;семантический;8;сколько времени отводится на откат неудачного обновления;L4-2;L4-2 L2-3 L2-2;1;0.3333333333333333;1.0;1.0;22.13
